columns,and,for,in,mln,of,oil,on,said,the,to
grain/article176.txt,1,1,3,0,4,0,1,2,5,1
grain/article286.txt,0,2,0,0,1,0,2,1,0,0
grain/article546.txt,4,1,3,1,4,0,3,3,17,10
grain/article342.txt,0,1,0,0,2,0,0,1,2,0
grain/article294.txt,1,0,0,0,0,0,0,1,0,1
grain/article040.txt,1,1,1,1,1,0,0,0,2,0
grain/article061.txt,1,0,0,0,0,0,0,0,1,2
grain/article285.txt,1,4,0,0,1,0,3,2,2,0
grain/article171.txt,10,7,10,12,15,0,2,11,35,12
grain/article442.txt,2,1,4,1,8,0,3,2,8,3
grain/article384.txt,1,0,3,16,0,0,0,0,3,0
grain/article050.txt,4,1,7,9,4,0,1,7,12,3
grain/article534.txt,3,1,10,11,2,0,0,8,5,5
grain/article166.txt,1,0,0,0,0,0,0,0,1,2
grain/article461.txt,1,1,1,0,6,0,3,3,11,5
grain/article402.txt,3,4,1,0,4,0,0,1,9,4
grain/article356.txt,1,0,4,2,2,0,1,3,6,3
grain/article179.txt,6,0,5,0,1,0,0,1,5,2
grain/article359.txt,1,1,2,0,5,0,1,1,8,2
grain/article427.txt,2,1,5,1,10,0,0,0,12,6
grain/article241.txt,8,5,7,0,10,0,2,11,22,15
grain/article368.txt,5,4,2,0,4,0,3,5,11,9
grain/article011.txt,3,2,3,5,6,0,0,3,8,2
grain/article325.txt,3,0,6,5,4,0,0,4,9,3
grain/article556.txt,3,2,4,0,5,0,3,4,9,4
grain/article312.txt,4,0,5,4,2,0,0,2,9,7
grain/article498.txt,5,1,2,0,2,0,0,2,0,2
grain/article078.txt,0,2,0,0,0,0,0,0,0,2
grain/article270.txt,2,2,6,0,2,0,0,0,7,2
grain/article250.txt,0,2,0,0,2,0,0,0,0,2
grain/article170.txt,4,4,7,2,7,0,0,4,9,8
grain/article130.txt,1,0,0,1,2,0,1,1,4,0
grain/article181.txt,5,2,1,3,2,0,1,1,5,2
grain/article051.txt,0,2,0,0,0,0,0,0,0,2
grain/article492.txt,8,6,8,2,14,0,6,14,23,14
grain/article578.txt,2,4,0,0,4,0,0,2,0,4
grain/article278.txt,12,7,5,4,7,0,2,8,28,1
grain/article378.txt,3,1,4,0,3,0,0,4,5,0
grain/article290.txt,5,2,3,0,13,0,2,5,24,8
grain/article453.txt,1,0,1,0,2,0,6,3,8,5
grain/article337.txt,6,8,0,0,18,0,0,1,8,3
grain/article445.txt,1,1,3,0,2,0,2,3,7,4
grain/article533.txt,2,0,8,8,10,0,0,3,13,3
grain/article252.txt,1,1,1,0,2,0,2,0,3,1
grain/article134.txt,0,2,0,0,2,0,0,0,0,2
grain/article472.txt,1,1,4,2,5,0,0,2,4,4
grain/article120.txt,4,2,6,0,1,0,0,7,11,10
grain/article557.txt,3,1,6,0,9,0,1,5,13,7
grain/article261.txt,16,3,8,2,11,0,3,16,30,10
grain/article004.txt,1,1,4,0,7,0,1,2,15,7
grain/article328.txt,1,5,2,0,2,0,0,3,5,11
grain/article217.txt,5,0,0,0,2,0,1,1,9,5
grain/article233.txt,3,4,1,0,4,0,0,5,12,4
grain/article547.txt,4,0,2,0,1,2,0,2,6,4
grain/article258.txt,7,4,7,14,16,0,8,12,37,22
grain/article144.txt,1,1,2,0,0,0,0,1,5,4
grain/article315.txt,3,3,4,0,5,0,2,6,13,3
grain/article389.txt,0,0,2,8,0,0,0,0,1,0
grain/article419.txt,3,2,4,0,7,0,1,8,11,9
grain/article056.txt,1,1,6,7,1,0,0,0,1,0
grain/article257.txt,8,4,3,0,10,0,0,5,13,5
grain/article393.txt,13,8,8,0,9,0,3,13,39,16
grain/article398.txt,2,5,3,0,6,0,2,9,25,16
grain/article077.txt,1,5,1,2,2,0,0,1,8,5
grain/article394.txt,1,3,2,4,2,0,2,3,8,3
grain/article483.txt,2,1,2,0,3,0,2,3,5,5
grain/article029.txt,1,4,2,2,9,0,1,4,20,6
grain/article200.txt,5,4,3,0,5,0,0,6,9,4
grain/article293.txt,6,0,7,0,4,0,0,6,15,3
grain/article231.txt,2,0,0,1,1,0,0,2,3,2
grain/article082.txt,4,0,1,2,6,0,1,3,15,3
grain/article049.txt,2,0,2,0,4,1,0,0,1,3
grain/article093.txt,0,2,1,0,2,0,0,2,3,3
grain/article536.txt,6,4,10,5,4,0,1,6,8,6
grain/article381.txt,4,3,9,1,9,0,1,3,13,9
grain/article180.txt,7,1,3,0,1,0,0,1,4,0
grain/article456.txt,4,2,2,3,8,0,1,4,7,1
grain/article031.txt,0,0,0,0,0,0,0,0,0,0
grain/article140.txt,0,0,2,0,0,0,0,0,0,0
grain/article576.txt,10,5,16,17,6,0,0,7,25,13
grain/article392.txt,1,0,0,0,0,0,0,0,1,2
grain/article522.txt,5,0,2,8,7,0,0,1,6,5
grain/article486.txt,3,0,5,0,9,0,5,10,19,19
grain/article421.txt,7,0,2,4,6,0,1,8,10,6
grain/article047.txt,7,9,25,29,4,3,4,0,4,2
grain/article336.txt,0,0,0,0,0,0,0,0,0,0
grain/article362.txt,0,0,0,0,1,0,0,4,13,9
grain/article444.txt,5,10,8,9,18,0,5,14,36,20
grain/article309.txt,3,1,6,4,4,0,3,3,14,10
grain/article559.txt,0,2,0,0,0,0,0,0,0,2
grain/article515.txt,0,2,0,0,0,0,0,0,0,2
grain/article027.txt,3,4,3,0,6,0,1,6,14,9
grain/article168.txt,10,2,2,3,2,0,2,1,10,6
grain/article509.txt,0,0,0,0,0,0,0,0,0,0
grain/article447.txt,0,0,4,0,6,0,0,3,9,1
grain/article561.txt,2,0,0,1,2,0,0,2,6,2
grain/article101.txt,4,2,3,4,6,0,2,1,6,3
grain/article115.txt,6,0,5,0,1,0,0,0,4,4
grain/article420.txt,0,0,2,0,3,0,4,4,13,5
grain/article139.txt,1,0,1,0,0,0,1,2,9,5
grain/article263.txt,1,0,3,0,1,0,0,1,8,0
grain/article137.txt,4,4,0,2,1,0,1,3,6,1
grain/article158.txt,8,5,8,0,5,2,2,4,11,6
grain/article021.txt,1,0,1,0,0,0,0,0,1,1
grain/article083.txt,6,2,3,0,6,0,7,5,11,8
grain/article167.txt,7,1,7,0,11,0,2,2,21,12
grain/article458.txt,2,3,1,4,6,0,1,2,8,1
grain/article376.txt,1,1,0,0,6,0,0,0,11,2
grain/article518.txt,6,0,6,1,8,0,3,11,39,30
grain/article495.txt,3,0,0,1,1,0,0,1,2,2
grain/article107.txt,2,6,0,0,2,0,0,3,3,3
grain/article072.txt,6,3,1,0,3,0,0,7,11,5
grain/article553.txt,9,4,5,0,11,0,2,8,36,10
grain/article225.txt,7,1,6,2,10,3,0,5,10,2
grain/article410.txt,0,0,2,0,2,0,0,2,1,1
grain/article276.txt,5,2,3,1,3,0,0,3,11,5
grain/article289.txt,4,0,3,0,2,0,2,2,4,2
grain/article260.txt,14,6,13,14,22,0,1,5,30,10
grain/article349.txt,1,1,0,0,2,0,0,0,3,3
grain/article514.txt,0,2,0,0,0,0,0,0,0,2
grain/article094.txt,4,2,5,0,11,0,2,2,10,4
grain/article017.txt,3,1,4,0,1,5,0,0,2,0
grain/article405.txt,0,0,2,6,3,0,0,0,3,0
grain/article012.txt,6,1,0,0,2,0,3,1,11,4
grain/article358.txt,0,0,0,0,0,0,0,0,0,0
grain/article240.txt,3,3,1,1,5,0,1,1,14,3
grain/article570.txt,19,3,14,20,19,0,2,2,35,32
grain/article243.txt,0,0,4,1,3,0,1,1,6,3
grain/article484.txt,4,0,4,0,3,0,0,2,11,3
grain/article344.txt,3,1,2,0,3,0,0,2,6,1
grain/article091.txt,0,2,0,0,2,0,0,0,0,2
grain/article535.txt,8,4,8,7,7,0,2,3,14,10
grain/article407.txt,21,3,24,12,15,0,0,8,24,36
grain/article320.txt,1,0,0,0,3,0,2,4,9,6
grain/article199.txt,0,0,0,0,0,0,0,0,0,0
grain/article268.txt,10,2,7,2,9,0,1,10,18,10
grain/article306.txt,4,8,5,2,9,0,4,6,18,19
grain/article121.txt,0,0,2,0,0,0,0,0,0,0
grain/article408.txt,1,2,2,2,3,0,0,1,6,2
grain/article353.txt,0,1,1,1,1,0,0,0,4,7
grain/article449.txt,2,5,3,0,2,0,0,1,5,2
grain/article062.txt,2,3,0,0,0,0,0,0,2,0
grain/article511.txt,3,6,8,0,7,0,6,13,38,28
grain/article044.txt,0,0,3,12,0,0,0,0,1,0
grain/article439.txt,5,5,7,3,8,0,4,0,15,6
grain/article424.txt,13,3,11,0,13,0,3,13,16,19
grain/article099.txt,1,1,3,0,12,0,2,2,9,5
grain/article464.txt,22,4,21,11,19,0,3,17,27,18
grain/article382.txt,0,0,4,2,0,0,0,0,0,0
grain/article470.txt,3,0,1,0,4,0,1,2,6,3
grain/article438.txt,2,3,0,0,0,0,0,0,2,0
grain/article266.txt,1,1,2,0,4,0,0,2,7,4
grain/article502.txt,0,0,2,0,0,0,0,0,0,0
grain/article111.txt,2,0,1,0,3,1,1,2,10,3
grain/article228.txt,2,1,1,1,1,0,2,3,6,5
grain/article097.txt,1,2,2,0,5,0,2,3,7,5
grain/article075.txt,6,1,8,0,2,0,1,6,10,3
grain/article437.txt,7,8,5,9,7,0,3,11,18,14
grain/article172.txt,5,0,1,12,0,0,0,0,4,3
grain/article069.txt,2,1,3,2,2,0,0,2,5,2
grain/article387.txt,7,1,5,5,4,0,0,3,7,2
grain/article080.txt,2,2,5,1,2,0,2,3,5,1
grain/article414.txt,1,0,4,0,2,0,2,2,11,0
grain/article497.txt,21,7,20,19,10,0,2,1,27,37
grain/article308.txt,20,4,17,18,11,0,0,2,18,33
grain/article352.txt,7,5,4,1,14,0,0,9,23,19
grain/article028.txt,1,0,0,0,0,0,0,1,0,1
grain/article430.txt,1,0,3,9,4,0,2,3,6,3
grain/article400.txt,2,1,0,0,4,0,1,3,8,2
grain/article503.txt,2,0,2,0,3,0,0,3,8,1
grain/article313.txt,2,3,3,3,5,0,1,4,9,5
grain/article380.txt,0,0,2,0,0,0,0,0,0,0
grain/article034.txt,0,0,2,2,0,0,0,0,0,0
grain/article291.txt,5,3,8,6,16,0,3,11,22,8
grain/article471.txt,9,4,4,0,7,0,6,4,12,7
grain/article482.txt,6,4,6,0,4,0,0,6,9,1
grain/article363.txt,1,0,3,0,1,0,1,4,6,2
grain/article271.txt,2,1,2,0,1,0,0,0,1,1
grain/article081.txt,6,2,3,0,6,0,7,5,11,8
grain/article154.txt,17,8,21,1,11,3,3,13,41,26
grain/article092.txt,0,2,1,0,2,0,0,1,3,2
grain/article275.txt,9,4,9,1,8,0,1,6,10,1
grain/article237.txt,0,0,0,0,0,0,0,0,0,0
grain/article404.txt,4,1,4,4,7,0,0,3,6,4
grain/article292.txt,5,2,5,0,4,0,3,3,20,6
grain/article256.txt,10,9,0,0,3,0,2,2,13,14
grain/article102.txt,3,2,11,10,2,0,0,4,12,11
grain/article162.txt,3,2,8,5,3,0,2,7,17,6
grain/article188.txt,1,1,2,0,4,0,2,1,10,6
grain/article304.txt,3,6,2,0,2,0,0,2,0,0
grain/article386.txt,2,1,1,0,5,0,1,3,10,4
grain/article202.txt,3,4,1,6,3,0,0,2,5,7
grain/article073.txt,4,0,2,0,7,0,1,1,3,1
grain/article450.txt,1,3,1,0,5,0,0,3,8,4
grain/article543.txt,2,3,2,0,8,0,2,2,9,10
grain/article201.txt,1,3,0,0,4,0,1,3,4,4
grain/article187.txt,3,6,2,0,5,0,2,3,18,11
grain/article057.txt,4,2,1,0,5,0,2,2,9,2
grain/article524.txt,8,2,13,1,3,0,3,10,20,10
grain/article512.txt,2,3,1,2,14,0,3,3,18,11
grain/article138.txt,2,4,0,0,2,0,1,2,4,0
grain/article161.txt,1,1,0,0,3,0,0,2,0,1
grain/article302.txt,1,2,3,0,1,0,0,2,8,3
grain/article428.txt,0,0,1,0,1,0,0,0,5,2
grain/article220.txt,3,1,9,4,30,0,2,4,52,29
grain/article218.txt,5,0,0,0,2,0,1,1,9,5
grain/article517.txt,11,4,3,0,8,0,3,8,14,10
grain/article036.txt,0,1,16,4,1,1,3,0,3,0
grain/article390.txt,0,6,1,3,7,0,0,3,16,4
grain/article539.txt,4,1,5,0,1,0,1,2,9,5
grain/article013.txt,1,3,2,0,5,1,1,1,10,1
grain/article357.txt,0,0,0,0,0,0,0,0,0,0
grain/article129.txt,0,2,0,0,1,0,0,1,1,0
grain/article401.txt,0,4,0,0,2,0,0,0,0,0
grain/article156.txt,6,8,0,0,9,0,0,1,2,2
grain/article366.txt,1,0,0,0,1,0,3,5,7,5
grain/article454.txt,5,0,0,11,0,0,0,0,1,5
grain/article068.txt,7,2,3,0,0,0,1,0,2,11
grain/article333.txt,4,6,5,0,6,1,1,5,15,3
grain/article006.txt,6,7,1,0,1,0,1,4,4,0
grain/article251.txt,0,2,1,0,2,0,0,2,3,2
grain/article173.txt,3,0,4,0,5,0,1,6,12,2
grain/article519.txt,22,9,20,0,17,0,0,18,59,13
grain/article025.txt,0,0,0,0,0,0,0,0,0,0
grain/article196.txt,0,0,0,0,0,0,0,0,0,0
grain/article365.txt,2,2,3,0,3,0,0,3,10,3
grain/article118.txt,7,3,0,0,0,0,0,3,5,5
grain/article572.txt,1,2,1,0,1,0,0,0,2,0
grain/article569.txt,6,3,11,4,11,0,4,24,33,24
grain/article487.txt,2,0,0,0,6,0,0,1,7,1
grain/article364.txt,5,2,4,0,10,0,2,2,21,2
grain/article527.txt,2,2,1,0,4,0,1,4,10,6
grain/article133.txt,1,0,3,1,2,0,0,4,10,2
grain/article157.txt,5,3,1,3,2,0,1,4,11,2
grain/article343.txt,2,4,0,0,0,0,0,1,2,2
grain/article095.txt,3,0,6,2,5,0,0,3,4,4
grain/article186.txt,4,1,2,5,6,0,0,2,7,2
grain/article041.txt,1,0,0,12,0,0,0,0,3,0
grain/article433.txt,3,2,4,0,1,0,0,2,6,2
grain/article152.txt,1,1,3,1,7,0,0,0,9,4
grain/article122.txt,5,0,3,0,3,0,0,4,6,7
grain/article246.txt,1,4,0,0,2,0,0,2,1,1
grain/article117.txt,2,1,1,3,3,0,0,3,8,4
grain/article468.txt,2,2,5,5,0,0,1,3,7,3
grain/article165.txt,0,3,0,0,4,0,0,1,2,1
grain/article338.txt,0,2,0,0,0,0,0,0,0,0
grain/article007.txt,3,3,6,4,16,0,0,5,16,5
grain/article163.txt,2,10,1,0,7,0,1,2,3,0
grain/article055.txt,5,5,0,0,7,0,0,3,10,5
grain/article210.txt,0,0,0,0,3,0,0,1,4,3
grain/article361.txt,3,2,1,0,3,0,0,2,9,8
grain/article510.txt,2,3,0,0,2,0,0,2,2,0
grain/article477.txt,7,5,8,8,11,0,2,4,35,18
grain/article322.txt,2,2,2,0,3,0,0,2,11,3
grain/article500.txt,3,1,4,1,3,0,0,3,4,3
grain/article151.txt,1,0,1,1,1,0,1,1,5,4
grain/article141.txt,1,2,6,13,7,0,1,5,11,6
grain/article413.txt,2,0,2,0,2,0,1,1,4,1
grain/article014.txt,3,1,1,0,3,0,4,4,14,6
grain/article310.txt,3,0,8,4,11,0,0,6,12,5
grain/article350.txt,0,0,2,3,8,0,2,3,7,1
grain/article059.txt,2,2,1,0,4,0,0,3,10,5
grain/article124.txt,4,2,1,1,7,0,0,7,17,7
grain/article193.txt,1,2,7,7,0,0,0,0,8,4
grain/article015.txt,4,0,6,7,3,0,1,2,3,0
grain/article190.txt,2,0,0,0,1,0,2,1,8,8
grain/article284.txt,3,4,8,2,10,0,1,5,17,9
grain/article224.txt,1,0,0,0,0,0,0,1,0,1
grain/article043.txt,1,0,0,8,0,0,0,0,2,0
grain/article039.txt,1,0,5,22,1,0,0,1,3,0
grain/article042.txt,0,0,2,8,0,0,0,0,1,0
grain/article164.txt,4,2,5,0,8,0,1,8,18,9
grain/article232.txt,4,2,3,1,3,0,2,3,9,5
grain/article426.txt,7,3,1,0,2,0,2,2,5,1
grain/article058.txt,2,2,4,0,2,0,0,0,5,3
grain/article105.txt,12,7,7,0,6,0,0,7,22,8
grain/article573.txt,2,2,0,3,1,0,0,2,5,6
grain/article411.txt,4,1,8,0,7,0,0,4,8,16
grain/article136.txt,2,4,2,1,8,0,2,6,15,7
grain/article422.txt,0,2,0,0,0,0,0,0,0,0
grain/article457.txt,2,0,0,0,2,0,3,3,14,8
grain/article467.txt,0,4,0,0,0,0,0,2,1,3
grain/article311.txt,5,0,0,0,2,0,0,2,6,3
grain/article429.txt,0,1,2,2,2,0,0,0,3,3
grain/article184.txt,2,0,3,1,2,0,0,2,6,2
grain/article513.txt,0,2,0,0,0,0,0,0,2,2
grain/article489.txt,1,0,0,0,2,0,3,0,13,4
grain/article030.txt,1,0,0,0,2,0,0,0,4,4
grain/article238.txt,8,4,1,0,16,0,7,3,45,20
grain/article191.txt,1,3,0,0,4,0,0,2,2,3
grain/article542.txt,1,2,7,0,8,0,0,5,20,9
grain/article206.txt,13,7,6,4,11,0,3,14,23,12
grain/article205.txt,0,3,0,0,1,0,0,2,1,0
grain/article146.txt,3,0,2,0,0,0,1,2,3,8
grain/article112.txt,6,2,4,1,9,0,1,1,12,3
grain/article493.txt,0,0,0,3,0,0,0,1,2,1
grain/article369.txt,2,0,2,0,3,0,1,2,7,3
grain/article159.txt,1,2,1,0,3,0,3,3,9,5
grain/article303.txt,0,2,0,0,1,0,0,2,0,3
grain/article530.txt,16,9,11,6,17,0,10,14,42,13
grain/article479.txt,0,2,0,0,0,0,0,0,0,2
grain/article466.txt,2,1,4,2,4,0,0,4,9,6
grain/article399.txt,3,0,1,0,5,1,0,2,8,3
grain/article540.txt,4,0,2,0,7,0,1,1,3,1
grain/article119.txt,2,1,3,0,3,0,2,1,7,3
grain/article052.txt,0,2,0,0,0,0,0,0,0,2
grain/article227.txt,2,0,0,0,0,0,0,0,0,2
grain/article295.txt,3,0,4,0,3,0,1,2,9,1
grain/article334.txt,0,3,0,0,3,0,1,4,12,6
grain/article575.txt,0,0,0,4,0,0,0,0,0,2
grain/article529.txt,13,4,14,1,11,0,4,11,38,22
grain/article046.txt,0,0,2,11,0,0,0,0,3,0
grain/article037.txt,1,3,5,0,5,0,0,1,11,5
grain/article474.txt,2,0,0,0,5,0,2,6,14,7
grain/article574.txt,0,0,0,4,0,0,0,0,0,2
grain/article520.txt,4,1,3,1,5,0,0,2,3,4
grain/article528.txt,5,3,13,0,4,4,0,5,9,2
grain/article064.txt,1,1,4,0,8,0,0,0,11,4
grain/article135.txt,3,3,1,0,9,0,0,1,12,3
grain/article198.txt,0,0,0,0,0,0,0,0,0,0
grain/article346.txt,9,5,9,1,18,0,2,8,33,29
grain/article367.txt,5,6,3,0,7,0,0,8,17,21
grain/article490.txt,8,6,13,1,13,0,1,8,50,15
grain/article269.txt,1,2,0,0,3,0,0,2,7,1
grain/article305.txt,2,4,0,0,3,0,0,2,1,2
grain/article018.txt,5,7,1,0,7,0,2,1,12,11
grain/article475.txt,4,0,6,0,4,0,0,4,7,2
grain/article209.txt,0,2,1,0,3,0,0,1,8,2
grain/article326.txt,0,2,2,0,0,0,0,5,8,7
grain/article086.txt,5,1,6,0,9,0,4,3,17,7
grain/article383.txt,0,0,2,2,0,0,0,0,0,0
grain/article321.txt,5,4,2,0,1,0,0,0,6,3
grain/article104.txt,14,7,6,1,9,0,4,10,31,15
grain/article448.txt,7,1,4,0,12,0,4,3,24,12
grain/article319.txt,2,3,0,0,2,0,0,1,0,0
grain/article555.txt,6,0,1,6,12,0,3,3,17,7
grain/article242.txt,5,0,2,6,4,0,2,1,6,2
grain/article465.txt,0,1,3,1,1,0,0,2,3,1
grain/article244.txt,1,1,2,3,6,0,0,1,5,4
grain/article335.txt,0,0,0,0,0,0,0,0,0,0
grain/article026.txt,2,1,0,0,4,0,0,2,2,0
grain/article235.txt,1,0,0,0,0,0,0,0,1,2
grain/article440.txt,4,10,4,0,10,0,0,1,11,11
grain/article485.txt,2,0,1,0,4,0,2,3,12,11
grain/article149.txt,1,3,1,0,1,0,0,3,7,5
grain/article175.txt,0,0,2,0,0,0,0,0,0,0
grain/article274.txt,2,1,3,2,2,0,0,2,5,2
grain/article462.txt,1,1,2,0,3,0,0,4,11,4
grain/article287.txt,3,1,6,2,5,0,1,4,8,1
grain/article412.txt,0,0,0,0,0,0,0,0,0,0
grain/article505.txt,14,17,17,0,17,0,3,6,62,20
grain/article379.txt,5,0,1,12,0,0,0,0,1,6
grain/article100.txt,1,0,5,0,0,0,0,2,10,2
grain/article132.txt,3,5,0,0,1,0,0,4,4,4
grain/article215.txt,4,5,6,2,4,1,0,2,4,2
grain/article259.txt,1,6,1,4,3,0,0,2,8,4
grain/article192.txt,6,3,8,0,2,0,1,5,10,2
grain/article441.txt,0,2,0,0,0,0,0,0,0,2
grain/article000.txt,6,1,1,2,5,0,1,3,5,3
grain/article127.txt,2,6,5,0,11,0,2,9,26,12
grain/article197.txt,0,0,0,0,0,0,0,0,0,0
grain/article491.txt,2,2,1,0,4,0,1,3,9,5
grain/article272.txt,12,18,3,0,20,2,1,7,20,18
grain/article339.txt,0,0,0,0,2,0,0,1,2,1
grain/article010.txt,2,0,0,1,1,0,0,2,3,2
grain/article443.txt,2,5,1,4,3,0,0,2,4,2
grain/article560.txt,2,3,1,0,6,0,0,2,11,4
grain/article504.txt,1,0,2,1,1,0,0,2,8,3
grain/article431.txt,3,4,1,3,3,0,0,0,7,3
grain/article216.txt,5,0,0,0,2,0,1,0,3,1
grain/article516.txt,3,6,2,1,7,0,0,3,16,5
grain/article425.txt,5,2,4,0,6,0,2,7,14,8
grain/article473.txt,6,4,10,0,2,0,0,4,11,2
grain/article347.txt,4,6,4,0,5,0,0,1,9,2
grain/article435.txt,1,1,2,5,2,0,1,2,8,7
grain/article455.txt,0,0,2,0,0,0,0,0,0,0
grain/article281.txt,0,2,0,0,1,0,1,2,0,2
grain/article496.txt,2,2,3,0,5,0,2,3,17,11
grain/article446.txt,2,0,6,1,9,0,0,4,8,4
grain/article434.txt,0,0,1,2,4,0,2,1,7,5
grain/article549.txt,6,2,5,0,6,0,0,4,8,5
grain/article273.txt,0,0,0,0,0,0,0,0,0,0
grain/article203.txt,3,7,1,8,3,3,0,2,6,7
grain/article183.txt,37,17,24,1,40,1,7,13,66,42
grain/article148.txt,2,1,4,2,1,0,0,3,7,4
grain/article178.txt,5,1,0,0,0,0,0,1,1,1
grain/article174.txt,4,1,2,14,3,0,4,1,3,6
grain/article189.txt,3,1,7,0,9,0,1,7,12,1
grain/article222.txt,0,5,2,1,5,0,1,3,16,8
grain/article185.txt,6,1,7,2,3,0,0,6,9,6
grain/article219.txt,4,0,8,1,5,0,1,4,11,6
grain/article340.txt,3,4,0,0,5,0,0,2,3,1
grain/article436.txt,1,3,3,3,11,0,0,6,16,8
grain/article348.txt,4,1,1,1,3,0,0,2,5,3
grain/article089.txt,0,0,2,0,0,0,0,0,0,0
grain/article226.txt,17,5,25,18,9,0,8,5,48,37
grain/article469.txt,2,2,2,0,2,2,0,0,1,2
grain/article452.txt,12,4,9,13,20,0,2,12,30,13
grain/article109.txt,8,8,5,0,6,0,6,9,13,7
grain/article113.txt,3,3,2,0,3,0,0,5,7,5
grain/article066.txt,0,2,0,0,1,0,0,1,0,1
grain/article255.txt,4,3,5,0,4,0,4,8,13,11
grain/article307.txt,1,0,3,0,3,0,0,2,3,4
grain/article544.txt,0,0,2,0,0,0,0,0,0,0
grain/article085.txt,6,1,14,10,17,0,0,7,15,5
grain/article548.txt,0,1,3,1,4,0,1,7,14,12
grain/article212.txt,0,4,0,0,1,0,2,0,2,0
grain/article406.txt,3,3,9,3,6,0,0,8,22,9
grain/article254.txt,4,5,2,0,5,0,0,1,6,6
grain/article282.txt,0,0,2,1,2,0,1,0,3,0
grain/article053.txt,14,0,7,3,0,1,1,0,2,7
grain/article098.txt,1,5,6,0,9,0,2,4,10,2
grain/article221.txt,0,0,3,0,5,0,0,0,6,6
grain/article423.txt,1,2,1,0,5,0,0,2,4,2
grain/article145.txt,3,4,10,3,5,0,4,6,24,8
grain/article155.txt,0,2,0,0,3,0,0,3,5,4
grain/article288.txt,3,4,8,1,9,0,1,2,15,11
grain/article552.txt,2,1,4,0,2,0,2,2,7,5
grain/article024.txt,0,0,0,0,0,0,0,0,0,0
grain/article267.txt,1,0,0,0,0,0,0,0,1,2
grain/article463.txt,2,3,1,2,5,0,0,3,6,5
grain/article022.txt,4,2,2,0,2,0,0,3,5,3
grain/article153.txt,16,10,3,1,12,1,1,9,40,2
grain/article355.txt,2,1,6,2,2,0,0,4,6,5
grain/article023.txt,6,8,0,0,9,0,0,2,2,4
grain/article377.txt,3,0,7,9,8,0,0,0,15,16
grain/article567.txt,0,0,0,0,0,0,0,0,0,0
grain/article327.txt,2,0,0,0,5,0,0,1,4,2
grain/article079.txt,1,0,0,0,5,0,0,1,3,1
grain/article204.txt,3,3,1,0,4,0,0,3,5,2
grain/article213.txt,2,9,0,0,0,0,0,1,2,1
grain/article330.txt,2,1,1,0,4,0,1,4,9,5
grain/article577.txt,11,8,22,0,10,0,3,1,30,20
grain/article065.txt,14,4,8,1,13,0,2,10,37,15
grain/article071.txt,5,3,7,3,8,0,1,7,12,11
grain/article128.txt,2,7,0,0,2,0,0,3,2,0
grain/article002.txt,1,2,0,0,3,0,0,2,3,2
grain/article550.txt,4,1,3,4,4,0,1,2,8,0
grain/article403.txt,2,2,0,0,2,0,0,0,0,2
grain/article262.txt,1,0,2,0,3,0,1,1,7,2
grain/article038.txt,1,0,2,2,1,0,0,0,1,0
grain/article230.txt,5,3,3,2,5,0,3,7,9,4
grain/article324.txt,1,1,5,5,1,0,1,2,6,1
grain/article033.txt,0,0,2,2,0,0,0,0,0,0
grain/article409.txt,5,2,4,9,5,0,3,7,23,9
grain/article003.txt,12,4,2,0,8,0,6,11,27,18
grain/article318.txt,3,0,4,1,8,0,1,9,23,16
grain/article532.txt,12,1,7,7,0,0,0,0,2,2
grain/article331.txt,1,2,1,0,4,0,2,4,8,5
grain/article523.txt,8,3,8,0,6,0,1,9,19,10
grain/article373.txt,9,2,1,0,10,0,3,5,35,13
grain/article253.txt,3,3,4,0,9,0,3,4,9,2
grain/article521.txt,0,3,3,4,5,0,0,1,12,4
grain/article126.txt,2,2,1,0,2,0,1,3,4,1
grain/article372.txt,5,0,2,0,7,0,1,1,3,1
grain/article194.txt,0,1,0,0,8,0,0,3,5,3
grain/article207.txt,18,12,22,2,26,1,3,12,56,28
grain/article008.txt,2,3,0,0,6,0,0,3,3,3
grain/article150.txt,14,6,9,1,10,0,4,4,26,15
grain/article035.txt,0,0,0,6,0,0,0,0,0,0
grain/article277.txt,4,0,2,0,8,0,6,5,24,7
grain/article264.txt,0,3,0,0,4,0,1,3,4,5
grain/article108.txt,0,1,3,0,1,0,0,0,5,4
grain/article300.txt,1,0,0,0,0,0,0,0,1,2
grain/article016.txt,6,1,10,8,5,0,1,4,9,10
grain/article009.txt,1,3,1,0,4,0,0,3,7,5
grain/article169.txt,5,0,2,0,5,0,1,1,6,6
grain/article223.txt,0,1,4,3,2,0,0,4,8,6
grain/article160.txt,4,4,6,0,3,0,2,7,8,6
grain/article070.txt,2,1,7,3,12,0,0,8,15,3
grain/article116.txt,2,6,0,0,2,0,0,3,4,0
grain/article418.txt,0,3,0,0,8,0,0,3,5,0
grain/article581.txt,2,1,0,0,2,0,3,0,9,5
grain/article371.txt,13,1,4,5,6,4,1,4,8,6
grain/article565.txt,0,3,0,0,2,0,0,1,0,0
grain/article537.txt,2,0,1,0,2,0,0,2,3,5
grain/article417.txt,4,2,10,0,10,0,0,7,24,17
grain/article332.txt,6,4,0,0,4,0,0,1,4,1
grain/article545.txt,4,2,1,1,9,0,2,2,13,9
grain/article525.txt,8,10,4,7,21,0,4,10,29,11
grain/article248.txt,1,3,0,0,1,0,1,2,1,0
grain/article579.txt,7,3,13,0,8,0,5,4,39,12
grain/article360.txt,1,0,3,0,5,0,1,5,7,2
grain/article142.txt,2,1,1,0,2,0,1,0,3,3
grain/article508.txt,4,1,0,1,1,0,0,1,2,2
grain/article182.txt,3,0,6,0,5,0,1,3,6,2
grain/article396.txt,4,1,4,2,3,1,0,5,10,3
grain/article478.txt,5,0,0,3,3,0,0,2,8,2
grain/article432.txt,0,0,5,3,1,0,0,3,3,5
grain/article395.txt,7,3,6,5,8,0,1,8,25,8
grain/article279.txt,0,2,1,0,5,0,1,2,5,3
grain/article554.txt,3,0,3,0,0,0,1,3,5,2
grain/article354.txt,2,1,2,0,1,0,1,1,2,7
grain/article388.txt,0,0,3,12,0,0,0,0,1,0
grain/article317.txt,2,4,5,0,4,0,1,2,18,9
grain/article459.txt,0,2,0,0,0,0,0,0,0,2
grain/article131.txt,12,5,1,0,12,0,11,8,24,18
grain/article501.txt,0,1,0,0,0,0,0,2,1,0
grain/article507.txt,2,4,6,0,9,0,2,0,12,3
grain/article114.txt,1,2,0,0,3,0,1,1,3,2
grain/article032.txt,3,4,1,0,3,0,0,3,7,0
grain/article351.txt,12,14,4,1,9,1,2,5,30,6
grain/article090.txt,2,3,1,7,1,0,0,3,11,6
grain/article460.txt,3,0,1,0,2,0,0,2,4,4
grain/article239.txt,0,0,3,0,1,0,0,1,8,0
grain/article499.txt,0,2,0,0,1,0,2,1,0,0
grain/article236.txt,1,1,0,0,3,0,1,2,9,2
grain/article374.txt,1,0,2,1,10,0,0,2,6,1
grain/article301.txt,0,0,0,0,0,0,0,0,0,0
grain/article147.txt,1,3,3,7,5,0,0,4,7,7
grain/article229.txt,1,1,6,0,3,0,0,2,9,1
grain/article067.txt,0,0,0,0,0,0,0,0,0,0
grain/article234.txt,2,1,1,0,5,0,1,2,11,0
grain/article538.txt,5,1,6,0,10,0,0,1,10,2
grain/article247.txt,3,1,4,1,4,0,0,1,4,6
grain/article526.txt,0,2,0,0,0,0,0,0,0,2
grain/article084.txt,5,1,5,3,10,0,0,6,9,6
grain/article314.txt,6,4,5,0,4,0,3,3,24,7
grain/article143.txt,0,0,0,0,0,0,0,0,0,2
grain/article045.txt,14,5,9,0,3,4,3,0,12,5
grain/article564.txt,0,2,0,0,1,0,0,1,0,1
grain/article005.txt,19,8,26,34,16,0,11,2,33,33
grain/article370.txt,3,2,3,0,3,0,0,7,2,2
grain/article580.txt,0,0,0,0,0,0,0,0,0,0
grain/article451.txt,3,0,2,0,1,0,1,2,11,5
grain/article249.txt,1,2,4,0,1,0,0,2,7,3
grain/article123.txt,12,5,8,1,12,1,5,9,22,15
grain/article074.txt,10,1,2,0,6,0,2,8,14,3
grain/article208.txt,7,1,9,2,10,0,3,9,15,11
grain/article551.txt,0,1,8,0,3,0,1,1,8,4
grain/article562.txt,1,3,2,2,2,0,0,2,10,3
grain/article298.txt,3,6,2,3,5,1,0,3,8,4
grain/article397.txt,1,2,0,0,8,0,0,2,5,0
grain/article280.txt,4,4,6,5,6,0,1,6,21,8
grain/article195.txt,6,3,9,0,1,0,0,4,10,5
grain/article076.txt,5,2,1,9,1,0,0,0,3,4
grain/article265.txt,0,2,0,0,4,0,1,3,4,5
grain/article391.txt,3,7,0,9,7,0,0,1,1,0
grain/article323.txt,7,2,4,0,7,0,0,7,11,1
grain/article480.txt,4,0,2,0,6,0,0,4,14,5
grain/article558.txt,12,7,18,5,36,0,3,17,56,23
grain/article563.txt,5,3,24,15,17,0,2,17,27,24
grain/article110.txt,4,2,1,0,3,0,1,5,10,2
grain/article214.txt,10,15,4,0,11,0,0,3,13,6
grain/article416.txt,0,2,0,0,0,0,0,0,0,0
grain/article063.txt,15,12,4,1,11,1,2,10,35,3
grain/article345.txt,8,2,22,9,16,5,5,2,23,21
grain/article476.txt,11,2,21,0,3,0,0,10,13,5
grain/article103.txt,12,7,7,0,6,0,0,7,22,8
grain/article048.txt,1,0,0,8,0,0,0,0,2,0
grain/article245.txt,4,3,0,0,3,0,0,1,2,1
grain/article125.txt,1,0,2,2,4,0,0,2,5,3
grain/article060.txt,0,2,1,1,0,0,0,0,2,0
grain/article087.txt,5,3,5,1,5,0,2,2,7,3
grain/article088.txt,1,6,1,0,0,0,0,2,5,0
grain/article054.txt,1,1,6,6,1,0,0,0,1,0
grain/article541.txt,1,3,1,0,2,0,1,1,7,2
grain/article096.txt,0,1,2,0,3,0,1,0,7,4
grain/article001.txt,3,0,5,0,2,2,0,3,5,5
grain/article299.txt,0,2,1,0,4,0,1,1,7,0
grain/article329.txt,8,2,9,7,1,0,1,0,4,4
grain/article297.txt,4,9,1,0,6,0,0,3,4,1
grain/article019.txt,7,4,13,12,13,0,0,5,18,5
grain/article020.txt,1,2,1,0,1,0,0,1,1,0
grain/article415.txt,0,0,0,0,0,0,0,0,0,0
grain/article211.txt,1,2,2,0,9,0,1,4,9,0
grain/article106.txt,3,3,1,0,3,0,0,1,3,2
grain/article283.txt,0,0,3,2,2,0,0,0,3,0
grain/article316.txt,2,2,5,1,9,0,1,11,26,14
grain/article506.txt,1,5,11,0,4,0,7,5,26,6
grain/article488.txt,10,7,0,0,9,0,1,1,1,6
grain/article481.txt,3,6,9,2,11,0,2,11,18,7
grain/article531.txt,3,0,7,4,4,0,0,2,7,9
grain/article341.txt,3,0,9,0,4,0,0,3,5,2
grain/article177.txt,0,4,1,0,0,0,2,1,3,0
grain/article566.txt,1,3,0,0,1,0,0,1,1,0
grain/article568.txt,7,1,2,2,9,0,0,2,27,11
grain/article385.txt,1,1,2,1,2,0,0,2,6,2
grain/article375.txt,0,1,1,6,3,0,0,0,3,1
grain/article296.txt,3,6,1,7,6,0,1,3,8,5
grain/article571.txt,18,4,7,3,15,0,6,6,41,29
grain/article494.txt,7,3,4,0,10,0,0,4,21,13
crude/article176.txt,3,1,0,1,3,1,0,2,3,1
crude/article286.txt,6,4,4,0,11,0,2,5,14,6
crude/article546.txt,5,9,6,10,4,3,1,8,19,11
crude/article342.txt,0,0,0,0,0,2,0,0,0,2
crude/article294.txt,6,0,1,4,8,5,0,3,1,2
crude/article040.txt,9,1,6,0,12,6,5,8,38,14
crude/article061.txt,2,2,3,3,10,4,3,1,17,2
crude/article285.txt,0,0,0,0,0,0,0,0,0,2
crude/article171.txt,2,2,0,0,2,3,0,2,2,3
crude/article442.txt,5,6,6,2,6,4,5,8,25,12
crude/article384.txt,11,0,4,1,5,2,1,8,25,11
crude/article050.txt,8,3,5,1,3,5,3,2,6,5
crude/article534.txt,12,6,7,8,7,10,2,9,11,11
crude/article166.txt,0,0,3,0,1,2,1,1,6,1
crude/article461.txt,10,4,21,7,9,10,2,3,27,14
crude/article402.txt,2,0,2,2,6,2,0,4,4,1
crude/article356.txt,5,1,4,0,7,7,0,5,6,4
crude/article179.txt,0,0,0,0,0,2,0,0,0,0
crude/article359.txt,1,0,2,0,2,3,2,3,11,3
crude/article427.txt,3,2,3,4,8,4,0,4,8,11
crude/article241.txt,0,0,1,0,1,1,0,3,5,2
crude/article368.txt,1,2,5,14,0,3,0,6,10,3
crude/article011.txt,4,10,5,0,11,12,5,9,15,9
crude/article325.txt,6,4,4,3,7,6,4,8,16,6
crude/article556.txt,7,2,6,1,7,2,1,8,22,4
crude/article312.txt,0,0,3,0,1,2,1,1,6,5
crude/article498.txt,1,1,0,0,2,5,4,5,7,5
crude/article078.txt,0,0,0,0,0,2,0,0,0,2
crude/article270.txt,0,0,0,0,0,0,0,0,0,0
crude/article250.txt,16,9,11,0,19,18,3,10,33,11
crude/article170.txt,1,0,4,0,1,2,3,2,8,1
crude/article130.txt,3,2,1,0,1,2,3,1,3,1
crude/article181.txt,0,0,2,0,1,2,1,1,1,0
crude/article051.txt,0,1,6,0,5,6,0,4,8,4
crude/article492.txt,2,5,10,12,9,4,1,2,21,11
crude/article278.txt,5,0,1,0,1,2,3,4,4,2
crude/article378.txt,14,10,14,5,10,7,2,15,21,21
crude/article290.txt,7,0,7,1,1,1,1,5,8,4
crude/article453.txt,8,3,3,0,4,12,6,4,16,9
crude/article337.txt,0,1,0,0,1,3,0,2,3,2
crude/article445.txt,6,2,5,0,3,2,4,1,14,6
crude/article533.txt,2,3,5,0,9,3,2,7,25,16
crude/article252.txt,3,1,4,1,6,3,1,4,9,2
crude/article134.txt,1,3,0,0,3,5,2,2,5,3
crude/article472.txt,9,3,5,1,4,8,4,7,23,13
crude/article120.txt,1,1,1,0,6,6,1,2,6,2
crude/article557.txt,2,1,11,1,11,6,2,6,20,5
crude/article261.txt,1,0,2,0,2,2,2,2,4,2
crude/article004.txt,7,3,12,9,14,8,4,9,13,4
crude/article328.txt,2,0,4,1,2,2,2,1,5,1
crude/article217.txt,10,6,16,0,4,6,1,1,18,13
crude/article233.txt,3,0,2,2,8,2,0,3,0,4
crude/article547.txt,1,0,2,1,4,2,2,2,6,5
crude/article258.txt,3,0,4,2,2,1,0,3,3,5
crude/article144.txt,2,3,5,0,4,2,6,3,13,5
crude/article315.txt,0,2,0,0,0,1,0,2,2,3
crude/article389.txt,1,2,0,0,0,1,1,1,4,2
crude/article419.txt,7,1,15,0,14,5,5,5,28,8
crude/article056.txt,2,5,5,3,9,4,0,6,15,3
crude/article257.txt,0,0,0,2,0,0,0,0,0,0
crude/article393.txt,2,2,0,0,1,3,1,1,4,1
crude/article398.txt,2,4,4,0,2,3,1,3,6,6
crude/article077.txt,0,0,0,0,0,2,0,0,0,2
crude/article394.txt,0,2,0,0,0,1,1,1,4,1
crude/article483.txt,3,0,3,6,3,4,1,0,3,2
crude/article029.txt,1,0,0,0,3,2,0,2,1,10
crude/article200.txt,10,6,22,0,23,2,3,11,49,11
crude/article293.txt,0,0,0,0,0,0,0,0,0,0
crude/article231.txt,6,9,3,11,2,2,0,11,13,8
crude/article082.txt,0,0,0,0,0,0,0,0,0,0
crude/article049.txt,8,3,4,1,3,5,3,2,6,5
crude/article093.txt,0,2,0,0,2,2,1,1,3,2
crude/article536.txt,6,1,12,0,9,2,2,7,28,10
crude/article381.txt,8,0,0,0,4,1,0,3,3,4
crude/article180.txt,5,1,6,0,4,3,6,5,12,4
crude/article456.txt,6,7,2,1,5,11,4,6,19,8
crude/article031.txt,6,1,4,1,9,5,3,8,10,9
crude/article140.txt,0,0,0,0,0,0,0,0,0,2
crude/article576.txt,3,1,2,0,4,5,1,3,7,1
crude/article392.txt,5,2,4,0,4,2,0,1,9,2
crude/article522.txt,6,1,2,0,8,5,0,3,14,1
crude/article486.txt,5,4,8,0,5,3,2,4,21,10
crude/article421.txt,1,3,2,2,7,3,3,7,18,21
crude/article047.txt,3,1,0,0,2,3,1,2,5,2
crude/article336.txt,5,2,2,3,7,3,2,7,11,6
crude/article362.txt,9,0,15,0,20,5,4,4,34,10
crude/article444.txt,3,1,2,2,5,1,0,5,8,3
crude/article309.txt,6,2,9,3,8,9,2,7,27,14
crude/article559.txt,3,2,9,0,4,7,2,4,10,9
crude/article515.txt,0,0,1,0,2,4,3,4,5,3
crude/article027.txt,3,7,7,0,7,5,7,9,17,10
crude/article168.txt,6,2,5,0,1,3,6,5,8,1
crude/article509.txt,2,0,2,0,2,2,1,2,6,2
crude/article447.txt,1,4,2,2,2,4,2,4,11,7
crude/article561.txt,14,9,3,3,10,14,4,13,33,20
crude/article101.txt,17,4,24,4,10,12,2,11,43,22
crude/article115.txt,1,1,1,0,1,1,1,1,3,5
crude/article420.txt,3,0,11,8,7,2,1,2,8,5
crude/article139.txt,2,1,0,0,0,1,0,2,3,0
crude/article263.txt,2,7,5,4,5,7,2,6,9,16
crude/article137.txt,8,3,8,0,7,4,8,9,23,13
crude/article158.txt,6,1,4,0,4,5,4,4,17,3
crude/article021.txt,3,1,7,1,10,8,1,7,16,8
crude/article083.txt,1,1,0,0,0,5,0,1,5,2
crude/article167.txt,8,1,10,4,18,7,9,13,34,14
crude/article458.txt,8,3,4,0,4,12,6,4,17,9
crude/article376.txt,0,0,0,0,1,1,1,1,7,1
crude/article518.txt,19,3,10,0,22,11,5,16,44,15
crude/article495.txt,3,3,9,4,15,4,2,8,16,5
crude/article107.txt,9,5,10,5,7,10,8,14,21,19
crude/article072.txt,0,0,0,0,0,2,0,0,0,2
crude/article553.txt,4,3,2,0,7,1,0,5,15,5
crude/article225.txt,18,4,16,9,9,8,1,8,18,12
crude/article410.txt,5,0,1,2,10,5,1,5,21,10
crude/article276.txt,1,1,2,0,1,2,4,2,3,0
crude/article289.txt,1,2,0,0,2,1,1,1,4,2
crude/article260.txt,4,2,5,0,6,1,1,3,17,4
crude/article349.txt,2,2,2,0,5,5,1,2,3,0
crude/article514.txt,5,1,9,0,8,1,2,7,25,5
crude/article094.txt,4,1,1,0,5,5,0,3,2,1
crude/article017.txt,3,6,3,0,6,3,2,7,14,12
crude/article405.txt,3,1,2,2,3,4,1,3,8,3
crude/article012.txt,4,1,2,0,3,0,1,4,10,4
crude/article358.txt,0,3,2,1,5,5,1,1,1,6
crude/article240.txt,0,0,0,0,0,0,0,0,0,0
crude/article570.txt,4,5,17,9,10,2,1,11,21,20
crude/article243.txt,1,2,2,0,2,5,0,3,6,1
crude/article484.txt,3,0,3,0,3,0,1,2,2,2
crude/article344.txt,1,2,0,0,3,2,0,2,5,3
crude/article091.txt,1,1,0,0,0,1,0,2,2,0
crude/article535.txt,2,1,1,4,1,3,0,2,1,2
crude/article407.txt,0,0,0,2,0,0,0,0,0,2
crude/article320.txt,4,1,4,0,2,3,3,2,4,1
crude/article199.txt,17,8,21,1,11,3,3,13,41,26
crude/article268.txt,9,5,14,1,8,6,6,9,19,9
crude/article306.txt,3,1,4,0,3,3,0,3,6,4
crude/article121.txt,1,0,3,0,0,2,3,2,10,3
crude/article408.txt,1,1,4,0,3,3,0,3,9,1
crude/article353.txt,5,6,3,4,8,4,0,4,13,10
crude/article449.txt,3,0,6,0,5,10,1,6,8,8
crude/article062.txt,1,3,10,0,7,8,2,4,16,5
crude/article511.txt,6,1,8,1,7,9,6,12,16,13
crude/article044.txt,1,1,3,0,0,2,3,2,2,3
crude/article439.txt,13,4,12,8,11,10,3,18,24,25
crude/article424.txt,8,2,15,0,3,3,0,7,16,0
crude/article099.txt,0,0,0,0,0,2,0,0,0,0
crude/article464.txt,0,0,0,6,0,0,0,0,0,0
crude/article382.txt,9,1,7,0,10,10,5,8,30,17
crude/article470.txt,0,0,1,0,6,2,1,3,8,3
crude/article438.txt,5,7,5,3,16,5,2,3,19,8
crude/article266.txt,3,0,1,0,2,4,1,2,7,3
crude/article502.txt,2,1,1,0,6,0,1,4,12,3
crude/article111.txt,6,6,15,1,29,1,2,0,61,17
crude/article228.txt,0,0,0,0,0,2,0,0,0,4
crude/article097.txt,2,3,17,5,8,6,1,5,21,12
crude/article075.txt,0,0,0,0,0,2,0,0,0,2
crude/article437.txt,8,4,1,0,5,3,4,7,9,13
crude/article172.txt,0,0,0,0,0,0,0,0,0,0
crude/article069.txt,0,0,0,0,0,4,0,0,0,0
crude/article387.txt,5,0,3,1,8,6,0,3,10,5
crude/article080.txt,1,1,1,0,0,3,0,3,3,0
crude/article414.txt,0,0,0,0,0,0,0,0,0,0
crude/article497.txt,0,0,0,0,0,2,2,0,0,2
crude/article308.txt,9,7,8,0,9,5,4,5,18,9
crude/article352.txt,1,2,2,0,3,4,0,1,4,1
crude/article028.txt,2,1,4,0,9,4,2,2,18,13
crude/article430.txt,1,0,2,2,3,5,2,2,10,5
crude/article400.txt,2,2,0,0,0,1,1,1,4,3
crude/article503.txt,13,2,16,7,17,7,0,12,25,21
crude/article313.txt,7,3,16,22,7,4,1,5,12,6
crude/article380.txt,6,6,9,1,13,4,2,6,18,6
crude/article034.txt,0,0,0,0,0,0,0,0,0,0
crude/article291.txt,1,1,0,0,6,2,0,2,5,2
crude/article471.txt,1,2,2,0,1,4,1,3,8,5
crude/article482.txt,1,2,5,14,0,3,0,6,10,3
crude/article363.txt,7,3,8,4,12,2,0,3,18,6
crude/article271.txt,2,0,6,14,1,3,0,4,6,6
crude/article081.txt,2,2,1,0,0,1,0,2,3,1
crude/article154.txt,1,2,0,0,1,2,0,2,5,1
crude/article092.txt,0,0,0,0,0,2,0,0,0,0
crude/article275.txt,5,0,2,1,7,1,0,1,4,0
crude/article237.txt,0,0,0,0,0,2,0,0,0,0
crude/article404.txt,3,1,2,2,3,4,1,3,8,3
crude/article292.txt,12,4,16,13,9,3,0,0,18,8
crude/article256.txt,8,4,36,11,16,8,7,11,37,15
crude/article102.txt,4,4,4,3,4,6,0,7,17,2
crude/article162.txt,9,7,8,0,8,2,4,6,25,9
crude/article188.txt,3,3,6,0,8,3,2,5,13,10
crude/article304.txt,11,4,13,1,12,4,0,1,30,16
crude/article386.txt,4,8,6,0,3,2,1,8,11,10
crude/article202.txt,2,0,3,0,6,2,2,5,12,4
crude/article073.txt,0,2,0,0,0,4,0,2,1,0
crude/article450.txt,9,1,14,0,14,5,2,9,16,4
crude/article543.txt,10,4,22,15,21,10,9,13,39,28
crude/article201.txt,8,5,8,0,5,2,2,4,11,6
crude/article187.txt,6,1,3,3,5,4,4,4,11,8
crude/article057.txt,1,0,1,1,1,2,0,2,1,1
crude/article524.txt,8,0,7,0,8,7,6,8,19,4
crude/article512.txt,6,6,6,0,13,6,1,9,17,9
crude/article138.txt,3,4,3,1,4,1,1,4,13,2
crude/article161.txt,5,5,16,0,3,4,9,10,38,13
crude/article302.txt,1,1,3,5,4,1,1,0,2,4
crude/article428.txt,7,1,5,3,3,2,1,4,12,7
crude/article220.txt,0,1,0,0,0,0,0,3,3,1
crude/article218.txt,4,1,2,7,15,5,1,10,17,11
crude/article517.txt,4,0,7,0,3,5,0,4,10,1
crude/article036.txt,1,0,3,0,9,0,1,3,4,5
crude/article390.txt,0,0,0,0,0,0,0,0,0,2
crude/article539.txt,4,2,2,1,2,3,4,3,14,5
crude/article013.txt,3,7,14,0,4,5,3,0,11,8
crude/article357.txt,7,8,6,3,7,8,3,8,13,16
crude/article129.txt,3,2,4,1,1,4,4,7,28,9
crude/article401.txt,0,0,0,0,0,2,0,0,0,2
crude/article156.txt,0,0,0,0,0,2,0,0,0,2
crude/article366.txt,3,0,6,9,2,2,0,4,7,6
crude/article454.txt,7,0,7,0,8,5,1,6,12,11
crude/article068.txt,0,0,0,0,0,2,0,0,0,0
crude/article333.txt,0,0,0,0,2,2,0,0,0,0
crude/article006.txt,3,0,3,0,4,1,2,2,5,6
crude/article251.txt,1,0,2,5,2,1,0,3,3,1
crude/article173.txt,2,1,0,0,0,3,0,2,1,4
crude/article519.txt,2,2,3,4,3,0,0,1,5,3
crude/article025.txt,6,1,7,3,8,8,2,6,10,11
crude/article196.txt,1,0,7,2,2,4,1,2,6,3
crude/article365.txt,0,0,0,4,0,0,0,0,0,0
crude/article118.txt,7,5,4,0,7,6,0,3,19,8
crude/article572.txt,1,0,1,0,5,1,1,1,10,5
crude/article569.txt,8,8,22,8,7,9,0,12,14,10
crude/article487.txt,4,0,4,0,5,4,1,3,7,1
crude/article364.txt,0,0,0,0,0,0,0,0,0,4
crude/article527.txt,4,0,6,0,7,4,6,5,13,2
crude/article133.txt,1,2,0,0,1,3,1,1,4,1
crude/article157.txt,4,3,1,0,3,1,1,3,7,1
crude/article343.txt,3,2,3,0,0,6,6,7,6,7
crude/article095.txt,2,1,4,0,2,2,0,4,5,0
crude/article186.txt,2,1,1,2,1,4,0,2,3,2
crude/article041.txt,1,3,5,0,7,8,2,4,17,11
crude/article433.txt,0,2,0,0,0,2,0,0,0,0
crude/article152.txt,7,4,2,0,3,2,3,1,11,2
crude/article122.txt,4,1,4,3,5,3,1,4,7,0
crude/article246.txt,6,1,4,1,5,0,2,4,8,4
crude/article117.txt,6,1,4,2,5,1,0,5,10,10
crude/article468.txt,4,2,2,0,4,4,0,4,3,6
crude/article165.txt,1,2,0,0,2,3,1,1,3,1
crude/article338.txt,2,0,3,0,0,1,0,4,2,4
crude/article007.txt,0,0,0,2,0,0,0,0,0,0
crude/article163.txt,1,2,3,0,5,3,0,2,9,4
crude/article055.txt,7,4,5,0,8,6,6,9,24,15
crude/article210.txt,3,0,6,0,3,1,0,3,9,1
crude/article361.txt,3,1,2,1,1,3,1,1,2,3
crude/article510.txt,19,2,11,2,11,10,0,6,22,3
crude/article477.txt,4,3,0,1,1,5,3,3,8,6
crude/article322.txt,6,1,0,0,4,3,6,1,8,4
crude/article500.txt,1,3,1,1,2,1,0,2,4,1
crude/article151.txt,5,3,3,0,4,1,4,3,13,11
crude/article141.txt,2,2,0,0,2,3,1,3,5,3
crude/article413.txt,3,0,1,0,3,2,0,2,2,0
crude/article014.txt,3,1,3,1,2,4,0,2,5,0
crude/article310.txt,4,3,3,0,4,1,2,5,9,5
crude/article350.txt,3,3,3,0,6,5,2,4,10,6
crude/article059.txt,3,3,1,0,5,1,0,1,6,3
crude/article124.txt,2,3,8,0,9,4,1,5,20,8
crude/article193.txt,7,5,5,0,14,7,1,7,16,10
crude/article015.txt,0,0,0,0,0,0,0,0,0,0
crude/article190.txt,10,5,4,0,15,8,1,13,24,11
crude/article284.txt,1,2,5,14,0,3,0,6,10,3
crude/article224.txt,10,3,9,4,6,3,1,4,9,7
crude/article043.txt,2,1,1,0,3,3,1,3,8,2
crude/article039.txt,0,0,0,0,0,0,0,0,0,0
crude/article042.txt,3,1,1,0,5,2,0,4,10,4
crude/article164.txt,0,0,0,0,0,0,0,0,0,0
crude/article232.txt,3,0,1,0,1,2,0,2,5,2
crude/article426.txt,9,2,5,3,8,3,1,4,16,9
crude/article058.txt,0,0,0,6,0,0,0,0,0,0
crude/article105.txt,3,0,2,0,3,4,0,4,8,3
crude/article573.txt,1,0,1,0,5,1,1,1,10,5
crude/article411.txt,1,1,4,0,3,3,0,3,9,1
crude/article136.txt,3,3,4,6,7,9,3,2,17,3
crude/article422.txt,6,5,0,3,4,6,1,2,13,10
crude/article457.txt,2,0,2,1,3,2,1,3,4,0
crude/article467.txt,3,1,3,0,4,1,4,2,13,2
crude/article311.txt,4,0,1,1,4,4,0,3,2,1
crude/article429.txt,0,2,2,2,4,5,1,4,12,3
crude/article184.txt,2,0,1,0,1,3,8,6,5,1
crude/article513.txt,5,2,5,0,4,7,3,6,14,7
crude/article489.txt,3,0,3,1,3,7,3,3,14,7
crude/article030.txt,6,6,3,3,10,5,3,7,18,12
crude/article238.txt,2,0,0,0,0,0,0,0,0,0
crude/article191.txt,9,8,17,2,28,18,3,20,42,20
crude/article542.txt,12,4,6,5,9,8,3,4,30,7
crude/article206.txt,2,3,3,0,1,2,0,3,8,1
crude/article205.txt,5,2,4,0,2,1,4,4,11,10
crude/article146.txt,3,1,7,0,4,4,7,3,8,1
crude/article112.txt,8,3,6,10,13,2,5,8,20,15
crude/article493.txt,2,2,12,4,3,5,1,5,9,5
crude/article369.txt,13,1,13,11,21,6,2,5,25,14
crude/article159.txt,2,3,9,0,6,2,5,5,8,3
crude/article303.txt,7,5,7,4,16,7,2,10,15,13
crude/article530.txt,15,1,10,10,5,5,2,8,11,12
crude/article479.txt,5,0,1,2,7,0,2,5,8,7
crude/article466.txt,1,1,3,1,3,6,0,2,6,5
crude/article399.txt,0,0,0,0,0,0,0,0,0,2
crude/article540.txt,4,4,1,0,5,9,3,7,13,7
crude/article119.txt,3,0,1,1,2,1,0,6,6,5
crude/article052.txt,4,3,3,0,3,8,3,6,12,4
crude/article227.txt,7,0,4,1,3,4,1,6,10,3
crude/article295.txt,1,1,1,0,1,4,0,2,3,1
crude/article334.txt,0,0,0,0,0,0,0,2,0,0
crude/article575.txt,3,1,4,5,2,4,3,3,3,3
crude/article529.txt,5,3,7,0,14,7,6,6,15,17
crude/article046.txt,4,3,3,0,7,2,2,4,11,8
crude/article037.txt,4,0,4,0,2,0,0,2,5,4
crude/article474.txt,13,11,24,2,29,9,3,10,43,24
crude/article574.txt,1,0,1,0,3,4,0,3,7,5
crude/article520.txt,2,1,3,0,2,2,2,6,18,10
crude/article528.txt,5,0,4,0,4,0,1,2,6,3
crude/article064.txt,1,2,2,0,3,3,0,2,4,4
crude/article135.txt,1,3,3,0,1,1,3,4,15,3
crude/article198.txt,7,2,12,0,13,2,3,5,16,10
crude/article346.txt,6,1,4,1,4,7,2,3,6,4
crude/article367.txt,1,2,0,0,1,1,0,1,2,3
crude/article490.txt,4,0,2,1,5,4,4,6,15,9
crude/article269.txt,0,0,0,4,0,0,0,0,0,0
crude/article305.txt,13,7,11,8,7,3,3,20,20,22
crude/article018.txt,0,0,2,2,3,2,2,2,4,0
crude/article475.txt,15,7,18,2,22,14,4,9,41,16
crude/article209.txt,2,0,9,0,6,5,0,5,17,8
crude/article326.txt,0,0,2,0,1,2,0,3,6,1
crude/article086.txt,1,1,0,0,1,1,0,2,2,0
crude/article383.txt,2,2,4,2,7,6,2,7,10,4
crude/article321.txt,12,3,10,0,7,8,4,7,31,8
crude/article104.txt,2,2,7,0,6,1,2,5,26,9
crude/article448.txt,2,0,1,0,0,1,0,3,5,1
crude/article319.txt,11,6,14,7,18,19,3,14,39,17
crude/article555.txt,3,4,4,3,14,5,4,3,18,2
crude/article242.txt,3,0,8,1,3,2,0,3,9,2
crude/article465.txt,2,0,6,15,1,3,0,4,6,6
crude/article244.txt,2,1,7,1,9,1,2,2,12,5
crude/article335.txt,1,0,0,3,3,3,0,1,1,0
crude/article026.txt,2,2,2,1,1,2,0,3,6,1
crude/article235.txt,0,0,0,4,0,0,0,0,0,0
crude/article440.txt,0,2,2,2,5,5,1,4,11,3
crude/article485.txt,19,4,11,2,20,10,5,7,49,23
crude/article149.txt,0,3,4,0,3,1,1,3,7,5
crude/article175.txt,0,0,0,0,0,2,0,2,0,0
crude/article274.txt,9,7,21,5,22,19,0,16,20,20
crude/article462.txt,1,1,4,0,4,2,0,4,4,2
crude/article287.txt,3,0,3,0,8,2,2,5,11,8
crude/article412.txt,0,1,3,2,3,0,0,3,7,3
crude/article505.txt,2,2,4,0,0,1,1,2,7,5
crude/article379.txt,5,0,8,5,7,11,1,10,23,13
crude/article100.txt,0,2,0,0,1,2,0,2,4,1
crude/article132.txt,6,0,5,0,4,2,5,3,11,4
crude/article215.txt,3,1,4,4,1,2,0,1,5,3
crude/article259.txt,1,0,6,13,1,3,0,4,6,6
crude/article192.txt,6,4,13,0,7,6,0,11,21,11
crude/article441.txt,0,3,2,0,2,4,0,4,5,3
crude/article000.txt,5,1,6,2,8,2,1,4,13,5
crude/article127.txt,4,0,3,1,8,5,1,4,17,1
crude/article197.txt,9,6,13,0,16,8,1,12,19,14
crude/article491.txt,0,0,0,0,0,2,0,0,0,2
crude/article272.txt,0,0,0,0,0,2,0,0,0,0
crude/article339.txt,1,2,0,0,1,4,0,3,4,3
crude/article010.txt,1,0,4,0,0,0,0,3,1,6
crude/article443.txt,1,0,2,0,1,1,0,1,0,3
crude/article560.txt,4,0,5,1,2,3,0,2,2,5
crude/article504.txt,3,1,0,0,5,1,0,2,5,1
crude/article431.txt,11,4,12,4,8,8,1,6,15,7
crude/article216.txt,3,1,4,4,1,2,0,1,5,3
crude/article516.txt,6,1,15,0,7,1,0,10,26,15
crude/article425.txt,0,0,0,0,0,0,0,0,0,0
crude/article473.txt,3,0,3,0,2,1,2,1,10,2
crude/article347.txt,4,5,3,2,5,6,2,5,15,13
crude/article435.txt,15,3,12,0,19,7,5,4,38,20
crude/article455.txt,0,2,0,0,0,2,0,0,0,0
crude/article281.txt,0,0,0,4,0,0,0,0,0,0
crude/article496.txt,2,2,2,1,5,3,0,1,16,11
crude/article446.txt,6,4,5,2,7,11,5,7,31,9
crude/article434.txt,13,4,12,8,11,10,3,18,24,25
crude/article549.txt,6,2,9,6,12,7,2,6,16,7
crude/article273.txt,2,0,5,16,1,2,0,2,6,9
crude/article203.txt,8,0,4,0,6,1,4,2,14,7
crude/article183.txt,0,0,2,0,0,2,0,0,0,0
crude/article148.txt,4,1,6,3,4,9,0,5,8,7
crude/article178.txt,2,2,3,0,6,6,5,10,13,9
crude/article174.txt,4,1,5,0,4,1,5,4,16,7
crude/article189.txt,2,0,4,6,0,4,0,2,4,8
crude/article222.txt,5,4,10,3,8,11,2,9,21,10
crude/article185.txt,2,3,4,0,6,3,1,5,14,5
crude/article219.txt,1,2,4,1,7,4,0,4,9,6
crude/article340.txt,3,2,8,5,6,5,0,7,20,8
crude/article436.txt,9,4,8,7,13,5,3,8,12,7
crude/article348.txt,2,0,3,0,5,5,0,1,5,4
crude/article089.txt,0,0,0,0,0,2,0,0,0,0
crude/article226.txt,4,2,13,5,6,2,3,6,15,13
crude/article469.txt,2,1,5,0,5,4,0,9,10,13
crude/article452.txt,3,0,1,5,2,3,0,2,4,4
crude/article109.txt,0,3,2,1,1,5,0,4,3,7
crude/article113.txt,2,3,4,5,3,2,0,0,7,6
crude/article066.txt,16,9,11,4,13,7,3,3,26,20
crude/article255.txt,8,4,37,28,16,10,11,10,36,16
crude/article307.txt,2,3,5,2,2,3,1,4,3,6
crude/article544.txt,3,2,2,0,3,3,2,4,2,2
crude/article085.txt,0,2,0,0,1,1,0,1,4,0
crude/article548.txt,3,1,3,1,3,1,1,3,7,4
crude/article212.txt,6,1,6,0,9,5,1,8,28,8
crude/article406.txt,1,1,2,1,11,6,0,6,10,11
crude/article254.txt,0,2,0,0,0,0,0,0,0,4
crude/article282.txt,3,0,6,9,2,2,0,4,7,5
crude/article053.txt,0,1,8,0,7,8,0,6,13,6
crude/article098.txt,7,7,4,3,3,3,1,6,15,9
crude/article221.txt,5,2,6,1,16,12,1,5,15,8
crude/article423.txt,1,1,9,0,1,2,0,3,7,0
crude/article145.txt,3,5,2,0,7,1,3,1,11,3
crude/article155.txt,1,2,0,0,1,3,1,2,4,3
crude/article288.txt,0,2,0,0,0,2,1,1,4,1
crude/article552.txt,0,0,0,6,0,0,0,0,0,0
crude/article024.txt,2,0,3,2,0,3,0,3,6,4
crude/article267.txt,9,5,9,4,7,12,1,11,19,22
crude/article463.txt,2,1,3,0,2,4,1,4,7,2
crude/article022.txt,11,7,9,0,9,12,1,17,25,13
crude/article153.txt,0,1,3,0,2,1,6,2,6,4
crude/article355.txt,10,4,15,2,20,6,3,13,38,29
crude/article023.txt,4,1,7,1,11,8,1,5,15,9
crude/article377.txt,8,5,6,1,14,8,8,14,20,23
crude/article567.txt,0,0,0,6,0,0,0,0,0,0
crude/article327.txt,3,0,4,0,3,3,0,2,3,0
crude/article079.txt,1,2,0,0,0,1,0,3,2,0
crude/article204.txt,4,0,8,0,2,1,1,3,12,0
crude/article213.txt,2,1,0,0,1,1,1,3,10,4
crude/article330.txt,22,6,38,0,19,4,3,22,36,22
crude/article577.txt,4,2,5,0,7,9,1,5,15,14
crude/article065.txt,4,1,3,0,3,3,1,5,3,2
crude/article071.txt,2,2,0,0,4,2,0,1,7,0
crude/article128.txt,8,5,15,0,10,14,9,12,32,20
crude/article002.txt,4,3,3,0,3,2,2,6,19,5
crude/article550.txt,12,3,13,9,2,6,6,9,18,13
crude/article403.txt,4,2,2,2,7,9,0,6,16,6
crude/article262.txt,4,2,6,0,6,0,3,5,20,4
crude/article038.txt,9,3,11,0,12,2,4,5,27,12
crude/article230.txt,3,0,1,0,6,3,0,3,14,5
crude/article324.txt,7,5,8,4,10,8,3,7,24,23
crude/article033.txt,7,6,5,2,6,2,3,7,19,8
crude/article409.txt,0,1,3,2,3,0,0,3,7,3
crude/article003.txt,4,0,0,0,5,1,0,8,10,2
crude/article318.txt,3,1,3,0,1,3,2,2,3,1
crude/article532.txt,2,1,1,4,1,3,0,2,1,2
crude/article331.txt,13,3,10,7,14,6,2,11,23,7
crude/article523.txt,11,1,21,0,14,6,4,11,47,18
crude/article373.txt,3,4,1,0,7,5,1,0,9,2
crude/article253.txt,2,0,4,0,7,5,1,2,11,1
crude/article521.txt,0,0,0,0,0,2,0,0,0,0
crude/article126.txt,3,2,1,0,1,2,3,1,3,1
crude/article372.txt,3,4,1,0,7,5,1,0,9,2
crude/article194.txt,7,1,13,5,5,6,0,4,11,13
crude/article207.txt,7,1,8,0,3,1,3,3,25,8
crude/article008.txt,3,0,6,8,2,2,0,4,7,5
crude/article150.txt,4,2,12,0,7,1,4,4,19,6
crude/article035.txt,4,1,2,0,0,3,2,2,16,5
crude/article277.txt,2,1,4,1,8,6,0,4,8,3
crude/article264.txt,5,3,4,0,4,5,0,3,15,14
crude/article108.txt,5,2,4,0,8,10,0,7,14,7
crude/article300.txt,2,0,2,0,0,3,2,3,4,5
crude/article016.txt,1,0,1,0,6,3,3,3,11,10
crude/article009.txt,1,0,5,18,0,2,0,5,7,5
crude/article169.txt,1,1,2,0,4,1,4,3,12,5
crude/article223.txt,18,5,19,10,13,8,4,15,29,15
crude/article160.txt,11,4,7,0,16,3,5,10,31,11
crude/article070.txt,0,0,0,0,0,2,0,0,0,0
crude/article116.txt,11,1,4,4,11,9,4,9,25,7
crude/article418.txt,13,1,12,1,5,2,1,7,21,8
crude/article371.txt,2,5,1,0,5,2,0,2,4,17
crude/article565.txt,1,5,0,0,2,1,0,1,4,1
crude/article537.txt,6,2,7,2,4,2,0,5,13,6
crude/article417.txt,5,4,0,3,3,5,1,2,8,7
crude/article332.txt,4,1,1,1,3,3,2,3,4,1
crude/article545.txt,5,0,7,0,6,1,0,4,24,5
crude/article525.txt,4,3,2,0,7,10,6,3,12,3
crude/article248.txt,1,1,0,2,4,5,1,2,6,3
crude/article360.txt,25,11,22,9,30,24,4,13,35,16
crude/article142.txt,2,2,0,0,1,3,1,2,5,2
crude/article508.txt,12,3,13,3,15,8,5,8,29,23
crude/article182.txt,0,0,2,0,0,2,0,0,0,0
crude/article396.txt,0,0,0,0,0,0,0,0,0,0
crude/article478.txt,4,1,12,3,4,3,1,2,5,3
crude/article432.txt,3,3,3,0,7,2,3,2,15,6
crude/article395.txt,2,0,2,0,2,4,0,1,4,7
crude/article279.txt,7,8,5,0,8,13,2,5,17,16
crude/article554.txt,4,4,2,0,9,5,1,4,14,4
crude/article354.txt,14,5,17,0,16,10,3,12,29,13
crude/article388.txt,0,0,0,0,0,0,0,0,0,0
crude/article317.txt,5,4,11,10,9,5,0,8,21,13
crude/article459.txt,6,7,10,0,8,7,1,9,11,10
crude/article131.txt,3,4,14,1,10,5,4,10,23,13
crude/article501.txt,1,1,1,2,2,1,0,1,4,4
crude/article507.txt,5,2,14,2,11,5,0,7,21,19
crude/article114.txt,5,2,10,0,15,2,5,7,33,15
crude/article032.txt,4,3,5,3,9,7,1,2,11,2
crude/article351.txt,3,0,1,0,2,5,0,2,7,5
crude/article090.txt,1,1,0,0,1,2,0,3,2,0
crude/article460.txt,2,1,0,0,4,10,4,5,8,9
crude/article239.txt,0,0,0,0,3,0,0,2,4,6
crude/article499.txt,1,1,0,0,2,5,4,5,7,5
crude/article236.txt,0,3,1,0,2,4,2,4,5,0
crude/article374.txt,2,5,1,0,5,2,0,2,4,17
crude/article301.txt,3,1,0,0,2,2,0,2,2,1
crude/article147.txt,3,2,7,0,2,1,4,1,15,3
crude/article229.txt,2,0,1,0,0,2,2,2,7,3
crude/article067.txt,6,1,4,3,10,3,0,3,5,5
crude/article234.txt,5,1,7,0,13,8,6,6,11,13
crude/article538.txt,4,5,7,0,6,0,1,2,21,6
crude/article247.txt,16,3,7,2,11,15,4,15,27,31
crude/article526.txt,0,1,9,0,3,5,0,0,8,2
crude/article084.txt,0,0,0,0,0,2,0,0,0,0
crude/article314.txt,3,2,1,0,1,2,0,2,2,0
crude/article143.txt,0,0,0,6,0,0,0,0,0,0
crude/article045.txt,11,6,7,1,14,12,2,12,22,15
crude/article564.txt,6,2,7,2,4,2,0,5,13,6
crude/article005.txt,4,0,3,0,1,4,0,2,4,1
crude/article370.txt,5,3,0,0,3,6,3,4,5,6
crude/article451.txt,12,9,17,1,17,9,10,10,37,15
crude/article249.txt,8,1,3,1,1,4,0,2,5,0
crude/article123.txt,0,1,4,0,0,4,1,2,6,8
crude/article074.txt,0,0,0,0,0,2,0,0,0,2
crude/article208.txt,2,3,11,0,5,3,5,6,25,7
crude/article551.txt,4,1,1,0,2,4,0,5,3,6
crude/article562.txt,10,3,3,3,5,7,1,6,18,13
crude/article298.txt,6,1,10,1,9,2,3,4,30,17
crude/article397.txt,4,1,2,8,7,3,0,5,2,0
crude/article280.txt,0,0,0,0,0,2,0,0,0,2
crude/article195.txt,8,4,2,0,13,6,2,5,21,8
crude/article076.txt,0,0,0,0,0,2,0,0,0,0
crude/article265.txt,5,2,4,0,4,4,0,2,15,15
crude/article391.txt,0,0,0,0,0,0,0,0,0,2
crude/article323.txt,2,1,1,1,1,5,2,2,8,1
crude/article480.txt,0,0,0,6,0,0,0,0,0,0
crude/article558.txt,15,1,9,0,4,4,5,3,26,6
crude/article563.txt,4,0,6,1,2,4,0,2,1,5
crude/article110.txt,9,5,11,7,13,14,7,3,24,13
crude/article214.txt,0,2,6,0,7,4,2,3,21,15
crude/article416.txt,2,3,3,0,8,4,1,8,23,4
crude/article063.txt,3,0,6,1,3,2,0,1,5,3
crude/article345.txt,1,0,9,0,2,9,0,3,12,9
crude/article476.txt,8,3,14,12,9,1,3,12,22,17
crude/article103.txt,2,0,7,0,2,2,2,6,9,3
crude/article048.txt,6,2,9,1,8,2,0,5,11,5
crude/article245.txt,3,4,6,0,1,4,3,4,5,3
crude/article125.txt,1,0,5,2,4,2,2,1,7,0
crude/article060.txt,5,2,5,0,6,1,1,6,19,6
crude/article087.txt,2,0,0,0,3,1,0,1,6,2
crude/article088.txt,3,3,0,0,6,4,3,3,19,1
crude/article054.txt,8,8,7,13,8,10,3,9,15,20
crude/article541.txt,2,0,0,0,0,2,0,0,0,0
crude/article096.txt,4,4,4,2,13,4,3,6,12,13
crude/article001.txt,19,10,13,3,22,7,3,10,43,16
crude/article299.txt,0,0,0,0,0,0,0,0,0,0
crude/article329.txt,7,5,8,4,10,8,3,7,24,23
crude/article297.txt,2,2,3,2,3,2,1,3,8,1
crude/article019.txt,4,1,3,1,5,3,0,2,4,4
crude/article020.txt,5,1,1,1,2,1,0,1,3,3
crude/article415.txt,2,2,3,1,2,2,1,2,4,3
crude/article211.txt,0,0,0,0,0,0,0,0,0,0
crude/article106.txt,10,9,15,3,5,9,8,14,16,15
crude/article283.txt,2,2,0,0,1,1,1,1,2,3
crude/article316.txt,3,0,0,0,2,4,3,6,13,5
crude/article506.txt,9,2,1,0,5,9,0,2,12,3
crude/article488.txt,0,0,4,2,0,2,0,1,0,1
crude/article481.txt,12,13,13,2,19,22,4,17,42,17
crude/article531.txt,8,0,9,1,8,5,2,5,17,15
crude/article341.txt,2,1,0,0,2,1,0,1,3,2
crude/article177.txt,3,0,3,0,2,5,2,4,4,0
crude/article566.txt,6,1,13,4,16,4,2,6,26,10
crude/article568.txt,2,2,9,28,1,3,0,9,14,7
crude/article385.txt,0,1,0,0,2,4,0,4,3,3
crude/article375.txt,1,0,1,3,3,2,2,3,2,1
crude/article296.txt,8,3,13,5,19,7,4,4,34,17
crude/article571.txt,7,7,4,0,5,6,6,4,9,7
crude/article494.txt,2,3,10,0,13,2,9,5,23,11
